Timestamp,Symbol,Signal_Type,Close,Strength,Reason,OR_High,OR_Low
2026-07-20 09:55:14,JINDALSTEL,REVERSAL_UP,1031.00,33,Bullish reversal: broke above OR_HIGH (1030.50) by 16.33%,1030.50,1025.60
2026-07-20 09:55:14,ETERNAL,REVERSAL_UP,286.30,13,Bullish reversal: broke above OR_HIGH (286.20) by 6.25%,286.20,284.60
2026-07-20 09:55:14,CROMPTON,REVERSAL_UP,266.45,100,Bullish reversal: broke above OR_HIGH (257.70) by 336.54%,257.70,255.10
2026-07-20 09:55:14,TATACONSUM,REVERSAL_UP,1095.10,100,Bullish reversal: broke above OR_HIGH (1093.80) by 56.14%,1093.80,1088.10
2026-07-20 09:55:14,BSE,REVERSAL_UP,3584.50,100,Bullish reversal: broke above OR_HIGH (3572.00) by 104.19%,3572.00,3552.90
2026-07-20 09:55:14,DABUR,REVERSAL_UP,426.50,16,Bullish reversal: broke above OR_HIGH (426.45) by 8.11%,426.45,424.60
2026-07-20 09:55:14,MOTILALOFS,REVERSAL_UP,967.35,100,Bullish reversal: broke above OR_HIGH (964.00) by 100.00%,964.00,959.10
2026-07-20 09:55:14,EXIDEIND,REVERSAL_UP,442.00,100,Bullish reversal: broke above OR_HIGH (439.50) by 72.22%,439.50,435.90
2026-07-20 09:57:33,AMBUJACEM,REVERSAL_UP,435.00,100,Bullish reversal: broke above OR_HIGH (434.90) by 75.56%,434.90,432.65
2026-07-20 09:57:33,SHRIRAMFIN,REVERSAL_UP,1026.30,86,Bullish reversal: broke above OR_HIGH (1025.60) by 42.86%,1025.60,1020.00
2026-07-20 09:59:39,CGPOWER,REVERSAL_UP,909.00,18,Bullish reversal: broke above OR_HIGH (908.85) by 8.89%,908.85,902.10
2026-07-20 10:01:43,IREDA,REVERSAL_UP,121.31,100,Bullish reversal: broke above OR_HIGH (121.00) by 64.15%,121.00,120.47
2026-07-20 10:05:53,ABCAPITAL,REVERSAL_UP,401.20,100,Bullish reversal: broke above OR_HIGH (400.70) by 71.43%,400.70,398.95
2026-07-20 10:16:24,ICICIGI,REVERSAL_UP,1611.90,69,Bullish reversal: broke above OR_HIGH (1610.70) by 34.69%,1610.70,1605.80
2026-07-20 10:16:24,MANAPPURAM,REVERSAL_UP,330.25,100,Bullish reversal: broke above OR_HIGH (328.50) by 70.00%,328.50,326.00
2026-07-20 10:16:24,BDL,REVERSAL_UP,1260.20,43,Bullish reversal: broke above OR_HIGH (1258.00) by 21.36%,1258.00,1247.70
2026-07-20 10:18:29,BAJAJFINSV,REVERSAL_UP,1856.60,100,Bullish reversal: broke above OR_HIGH (1854.70) by 52.83%,1854.70,1849.40
2026-07-20 10:18:29,SUZLON,REVERSAL_UP,53.00,100,Bullish reversal: broke above OR_HIGH (51.92) by 600.00%,51.92,51.74
2026-07-20 10:18:29,NYKAA,REVERSAL_UP,328.30,100,Bullish reversal: broke above OR_HIGH (325.65) by 229.17%,325.65,324.45
2026-07-20 10:20:35,LICHSGFIN,REVERSAL_UP,551.40,81,Bullish reversal: broke above OR_HIGH (550.55) by 40.74%,550.55,547.85
2026-07-20 10:20:35,MUTHOOTFIN,REVERSAL_UP,3017.80,64,Bullish reversal: broke above OR_HIGH (3013.00) by 32.00%,3013.00,2998.00
2026-07-20 10:20:35,CHOLAFIN,REVERSAL_UP,1787.00,3,Bullish reversal: broke above OR_HIGH (1786.90) by 1.31%,1786.90,1771.60
2026-07-20 10:20:35,HAL,REVERSAL_UP,4503.70,100,Bullish reversal: broke above OR_HIGH (4490.60) by 105.88%,4490.60,4473.60
2026-07-20 10:20:35,VMM,REVERSAL_UP,111.49,42,Bullish reversal: broke above OR_HIGH (111.30) by 21.05%,111.30,110.35
2026-07-20 10:25:36,PERSISTENT,REVERSAL_UP,5232.00,17,Bullish reversal: broke above OR_HIGH (5227.30) by 8.56%,5227.30,5172.40
2026-07-20 10:27:40,INFY,REVERSAL_DOWN,1090.60,81,Bearish reversal: broke below OR_LOW (1093.50) by 40.45%,1102.40,1093.50
2026-07-20 10:29:44,ADANIENSOL,REVERSAL_UP,1732.90,32,Bullish reversal: broke above OR_HIGH (1732.20) by 16.20%,1732.20,1718.00
2026-07-20 10:31:49,ADANIPOWER,REVERSAL_UP,217.10,50,Bullish reversal: broke above OR_HIGH (216.45) by 24.90%,216.45,213.84
2026-07-20 10:31:49,CDSL,REVERSAL_UP,1407.50,23,Bullish reversal: broke above OR_HIGH (1407.00) by 11.67%,1407.00,1389.00
2026-07-20 10:33:53,HDFCBANK,REVERSAL_UP,784.50,63,Bullish reversal: broke above OR_HIGH (783.30) by 31.73%,783.30,778.10
2026-07-20 10:36:07,BANDHANBNK,REVERSAL_UP,213.13,44,Bullish reversal: broke above OR_HIGH (212.93) by 22.22%,212.93,210.50
2026-07-20 10:36:07,ITC,REVERSAL_UP,281.20,64,Bullish reversal: broke above OR_HIGH (281.15) by 31.82%,281.15,280.05
2026-07-20 10:36:07,INOXWIND,REVERSAL_UP,79.90,100,Bullish reversal: broke above OR_HIGH (77.96) by 388.00%,77.96,77.46
2026-07-20 10:38:11,RELIANCE,REVERSAL_DOWN,1325.90,10,Bearish reversal: broke below OR_LOW (1326.20) by 5.03%,1344.10,1326.20
2026-07-20 10:38:11,UNIONBANK,REVERSAL_DOWN,169.96,45,Bearish reversal: broke below OR_LOW (170.03) by 22.58%,171.27,170.03
2026-07-20 10:38:11,PGEL,REVERSAL_UP,613.55,100,Bullish reversal: broke above OR_HIGH (611.40) by 76.92%,611.40,607.50
2026-07-20 10:40:16,INDIGO,REVERSAL_UP,5184.50,7,Bullish reversal: broke above OR_HIGH (5184.00) by 3.39%,5184.00,5154.50
2026-07-20 10:47:10,NAUKRI,REVERSAL_UP,1194.10,17,Bullish reversal: broke above OR_HIGH (1193.55) by 8.44%,1193.55,1182.30
2026-07-20 11:01:45,HINDUNILVR,REVERSAL_UP,2143.10,62,Bullish reversal: broke above OR_HIGH (2140.60) by 31.00%,2140.60,2130.60
2026-07-20 11:05:53,BANKINDIA,REVERSAL_UP,145.75,55,Bullish reversal: broke above OR_HIGH (145.52) by 27.71%,145.52,144.69
2026-07-20 11:05:53,INDIANB,REVERSAL_UP,852.45,100,Bullish reversal: broke above OR_HIGH (847.15) by 95.50%,847.15,841.60
2026-07-20 11:08:07,IEX,REVERSAL_UP,123.04,100,Bullish reversal: broke above OR_HIGH (121.68) by 217.65%,121.68,121.00
2026-07-20 11:08:07,ADANIENT,REVERSAL_UP,3161.80,75,Bullish reversal: broke above OR_HIGH (3158.00) by 37.62%,3158.00,3147.90
2026-07-20 11:10:12,RVNL,REVERSAL_UP,225.36,100,Bullish reversal: broke above OR_HIGH (224.67) by 71.56%,224.67,223.58
2026-07-20 11:12:16,ASHOKLEY,REVERSAL_UP,154.33,14,Bullish reversal: broke above OR_HIGH (154.25) by 6.82%,154.25,152.93
2026-07-20 11:14:20,KPITTECH,REVERSAL_UP,559.50,19,Bullish reversal: broke above OR_HIGH (559.05) by 9.38%,559.05,552.65
2026-07-20 11:16:24,NMDC,REVERSAL_UP,84.72,25,Bullish reversal: broke above OR_HIGH (84.62) by 12.66%,84.62,83.83
2026-07-20 11:46:21,LAURUSLABS,REVERSAL_UP,1558.00,73,Bullish reversal: broke above OR_HIGH (1551.40) by 36.26%,1551.40,1533.20
2026-07-20 11:48:26,KAYNES,REVERSAL_UP,3378.90,22,Bullish reversal: broke above OR_HIGH (3376.30) by 10.79%,3376.30,3352.20
2026-07-20 11:50:31,SBICARD,REVERSAL_DOWN,648.00,27,Bearish reversal: broke below OR_LOW (648.50) by 13.51%,652.20,648.50
2026-07-20 11:50:31,ONGC,REVERSAL_DOWN,250.25,79,Bearish reversal: broke below OR_LOW (250.69) by 39.74%,252.20,250.69
2026-07-20 11:52:35,ANGELONE,REVERSAL_UP,327.95,34,Bullish reversal: broke above OR_HIGH (327.75) by 16.92%,327.75,324.50
2026-07-20 11:52:35,RBLBANK,REVERSAL_DOWN,363.30,55,Bearish reversal: broke below OR_LOW (364.05) by 27.69%,370.55,364.05
2026-07-21 09:55:25,JINDALSTEL,REVERSAL_DOWN,1034.50,69,Bearish reversal: broke below OR_LOW (1034.80) by 34.29%,1038.30,1034.80
2026-07-21 09:55:25,ICICIGI,REVERSAL_UP,1616.50,60,Bullish reversal: broke above OR_HIGH (1615.90) by 30.00%,1615.90,1612.90
2026-07-21 09:55:25,CHOLAFIN,REVERSAL_UP,1773.60,39,Bullish reversal: broke above OR_HIGH (1772.40) by 19.35%,1772.40,1766.20
2026-07-21 09:57:33,SHRIRAMFIN,REVERSAL_UP,1049.50,84,Bullish reversal: broke above OR_HIGH (1047.80) by 42.00%,1047.80,1042.80
2026-07-21 09:57:33,ABCAPITAL,REVERSAL_UP,406.45,100,Bullish reversal: broke above OR_HIGH (405.10) by 111.54%,405.10,403.80
2026-07-21 09:59:38,CDSL,REVERSAL_DOWN,1381.00,100,Bearish reversal: broke below OR_LOW (1386.30) by 216.67%,1389.90,1386.30
2026-07-21 10:01:43,HINDUNILVR,REVERSAL_UP,2145.70,81,Bullish reversal: broke above OR_HIGH (2145.10) by 40.35%,2145.10,2139.40
2026-07-21 10:01:43,LODHA,REVERSAL_DOWN,1185.15,100,Bearish reversal: broke below OR_LOW (1186.65) by 70.40%,1192.90,1186.65
2026-07-21 10:05:53,LUPIN,REVERSAL_UP,2492.60,12,Bullish reversal: broke above OR_HIGH (2491.90) by 6.12%,2491.90,2477.20
2026-07-21 10:25:10,IOC,REVERSAL_UP,143.60,99,Bullish reversal: broke above OR_HIGH (143.52) by 49.25%,143.52,142.85
2026-07-21 10:25:10,ETERNAL,REVERSAL_DOWN,283.75,80,Bearish reversal: broke below OR_LOW (284.15) by 40.00%,285.40,284.15
2026-07-21 10:27:14,BEL,REVERSAL_DOWN,407.45,100,Bearish reversal: broke below OR_LOW (408.40) by 76.00%,409.65,408.40
2026-07-21 10:35:33,AMBUJACEM,REVERSAL_UP,443.45,100,Bullish reversal: broke above OR_HIGH (442.50) by 51.67%,442.50,439.50
2026-07-21 10:35:33,BDL,REVERSAL_DOWN,1255.50,15,Bearish reversal: broke below OR_LOW (1255.70) by 7.59%,1263.60,1255.70
2026-07-21 10:41:52,GRASIM,REVERSAL_DOWN,3143.80,100,Bearish reversal: broke below OR_LOW (3148.20) by 50.00%,3157.00,3148.20
2026-07-21 10:43:57,NYKAA,REVERSAL_UP,325.45,100,Bullish reversal: broke above OR_HIGH (324.65) by 161.54%,324.65,324.00
2026-07-21 10:46:02,CAMS,REVERSAL_DOWN,773.85,10,Bearish reversal: broke below OR_LOW (774.00) by 5.08%,776.95,774.00
2026-07-21 10:46:02,HAL,REVERSAL_DOWN,4469.30,100,Bearish reversal: broke below OR_LOW (4488.00) by 129.01%,4504.20,4488.00
2026-07-21 10:48:08,BIOCON,REVERSAL_UP,439.50,100,Bullish reversal: broke above OR_HIGH (438.75) by 53.19%,438.75,436.40
2026-07-21 10:56:31,PRESTIGE,REVERSAL_DOWN,1666.00,28,Bearish reversal: broke below OR_LOW (1667.00) by 13.92%,1674.90,1667.00
2026-07-21 11:15:17,ITC,REVERSAL_DOWN,282.40,62,Bearish reversal: broke below OR_LOW (282.55) by 31.25%,283.35,282.55
2026-07-21 11:30:25,M&M,REVERSAL_UP,3170.90,59,Bullish reversal: broke above OR_HIGH (3166.60) by 29.25%,3166.60,3151.90
2026-07-21 11:32:29,KALYANKJIL,REVERSAL_UP,567.80,79,Bullish reversal: broke above OR_HIGH (565.50) by 39.53%,565.50,559.05
2026-07-21 11:34:34,EICHERMOT,REVERSAL_DOWN,7597.00,32,Bearish reversal: broke below OR_LOW (7600.00) by 16.07%,7628.00,7600.00
2026-07-21 11:36:38,INFY,REVERSAL_DOWN,1075.80,70,Bearish reversal: broke below OR_LOW (1080.00) by 35.00%,1094.00,1080.00
2026-07-21 11:38:43,ADANIENSOL,REVERSAL_UP,1743.30,30,Bullish reversal: broke above OR_HIGH (1741.30) by 14.93%,1741.30,1727.90
2026-07-21 11:40:47,TRENT,REVERSAL_DOWN,2908.70,100,Bearish reversal: broke below OR_LOW (2923.10) by 189.87%,2931.00,2923.10
2026-07-21 11:42:53,HDFCBANK,REVERSAL_DOWN,765.90,100,Bearish reversal: broke below OR_LOW (768.50) by 82.86%,772.00,768.50
2026-07-22 09:57:02,IOC,REVERSAL_UP,142.37,12,Bullish reversal: broke above OR_HIGH (142.34) by 5.88%,142.34,141.83
2026-07-22 09:57:02,ETERNAL,REVERSAL_DOWN,286.25,12,Bearish reversal: broke below OR_LOW (286.35) by 6.12%,288.80,286.35
2026-07-22 09:57:02,TATASTEEL,REVERSAL_DOWN,185.40,100,Bearish reversal: broke below OR_LOW (186.30) by 138.46%,186.95,186.30
2026-07-22 10:05:19,PERSISTENT,REVERSAL_DOWN,5124.40,100,Bearish reversal: broke below OR_LOW (5137.30) by 72.69%,5162.20,5137.30
2026-07-22 10:11:32,PETRONET,REVERSAL_UP,276.30,55,Bullish reversal: broke above OR_HIGH (276.10) by 27.59%,276.10,274.65
2026-07-22 10:15:41,NMDC,REVERSAL_DOWN,84.02,54,Bearish reversal: broke below OR_LOW (84.07) by 26.92%,84.33,84.07
2026-07-22 10:51:29,NTPC,REVERSAL_UP,347.80,53,Bullish reversal: broke above OR_HIGH (347.55) by 26.32%,347.55,346.60
2026-07-22 10:51:29,CAMS,REVERSAL_UP,773.70,14,Bullish reversal: broke above OR_HIGH (773.10) by 6.90%,773.10,764.40
2026-07-22 10:55:39,JINDALSTEL,REVERSAL_UP,1047.80,38,Bullish reversal: broke above OR_HIGH (1046.90) by 19.15%,1046.90,1042.20
2026-07-22 10:55:39,GRASIM,REVERSAL_UP,3166.60,18,Bullish reversal: broke above OR_HIGH (3165.70) by 9.15%,3165.70,3151.50
2026-07-22 11:25:22,HINDUNILVR,REVERSAL_UP,2150.00,29,Bullish reversal: broke above OR_HIGH (2149.80) by 14.29%,2149.80,2137.20
2026-07-22 11:35:43,TATACONSUM,REVERSAL_UP,1087.50,77,Bullish reversal: broke above OR_HIGH (1085.70) by 38.33%,1085.70,1079.70
2026-07-23 09:55:18,CROMPTON,REVERSAL_DOWN,251.95,100,Bearish reversal: broke below OR_LOW (252.50) by 60.87%,253.65,252.50
2026-07-23 09:55:18,M&M,REVERSAL_UP,3196.10,92,Bullish reversal: broke above OR_HIGH (3189.90) by 46.21%,3189.90,3175.40
2026-07-23 09:55:18,TMPV,REVERSAL_DOWN,326.05,87,Bearish reversal: broke below OR_LOW (326.55) by 43.48%,327.70,326.55
2026-07-23 09:55:18,NTPC,REVERSAL_DOWN,347.20,54,Bearish reversal: broke below OR_LOW (347.55) by 26.92%,348.85,347.55
2026-07-23 09:55:18,SBICARD,REVERSAL_DOWN,617.75,88,Bearish reversal: broke below OR_LOW (620.00) by 44.10%,628.05,620.00
2026-07-23 09:55:18,BHARATFORG,REVERSAL_DOWN,2176.00,100,Bearish reversal: broke below OR_LOW (2185.40) by 91.06%,2197.70,2185.40
2026-07-23 09:55:18,CHOLAFIN,REVERSAL_DOWN,1717.40,100,Bearish reversal: broke below OR_LOW (1721.00) by 228.26%,1725.60,1721.00
2026-07-23 09:55:18,LAURUSLABS,REVERSAL_DOWN,1570.70,100,Bearish reversal: broke below OR_LOW (1575.00) by 60.98%,1583.20,1575.00
2026-07-23 09:55:18,CAMS,REVERSAL_DOWN,761.50,100,Bearish reversal: broke below OR_LOW (764.95) by 117.24%,769.30,764.95
2026-07-23 09:57:22,AMBUJACEM,REVERSAL_DOWN,425.85,82,Bearish reversal: broke below OR_LOW (426.70) by 40.98%,429.75,426.70
2026-07-23 09:57:22,ABCAPITAL,REVERSAL_DOWN,393.20,89,Bearish reversal: broke below OR_LOW (393.70) by 44.44%,396.85,393.70
2026-07-23 09:57:22,BDL,REVERSAL_DOWN,1247.00,43,Bearish reversal: broke below OR_LOW (1247.50) by 21.69%,1255.80,1247.50
2026-07-23 09:57:22,GRASIM,REVERSAL_DOWN,3161.80,79,Bearish reversal: broke below OR_LOW (3166.30) by 39.34%,3178.50,3166.30
2026-07-23 09:57:22,CGPOWER,REVERSAL_DOWN,906.40,21,Bearish reversal: broke below OR_LOW (906.70) by 10.26%,914.50,906.70
2026-07-23 09:59:28,SUNPHARMA,REVERSAL_DOWN,1928.00,43,Bearish reversal: broke below OR_LOW (1929.80) by 21.69%,1938.10,1929.80
2026-07-23 09:59:28,BEL,REVERSAL_DOWN,405.30,100,Bearish reversal: broke below OR_LOW (405.70) by 86.96%,406.85,405.70
2026-07-23 09:59:28,MAXHEALTH,REVERSAL_UP,1084.20,100,Bullish reversal: broke above OR_HIGH (1082.90) by 64.44%,1082.90,1078.40
2026-07-23 10:01:33,HAL,REVERSAL_DOWN,4553.20,48,Bearish reversal: broke below OR_LOW (4555.60) by 24.00%,4573.10,4555.60
2026-07-23 10:03:40,BIOCON,REVERSAL_DOWN,429.80,100,Bearish reversal: broke below OR_LOW (432.50) by 130.19%,435.15,432.50
2026-07-23 10:05:45,TATAELXSI,REVERSAL_UP,3402.00,100,Bullish reversal: broke above OR_HIGH (3395.10) by 74.11%,3395.10,3383.90
2026-07-23 10:16:11,PATANJALI,REVERSAL_UP,337.80,12,Bullish reversal: broke above OR_HIGH (337.75) by 6.12%,337.75,335.30
2026-07-23 10:25:04,PERSISTENT,REVERSAL_UP,5085.40,71,Bullish reversal: broke above OR_HIGH (5075.00) by 35.25%,5075.00,5045.50
2026-07-23 10:25:04,PRESTIGE,REVERSAL_UP,1659.60,43,Bullish reversal: broke above OR_HIGH (1658.90) by 21.31%,1658.90,1652.80
2026-07-23 10:41:45,ITC,REVERSAL_UP,281.10,100,Bullish reversal: broke above OR_HIGH (280.90) by 100.00%,280.90,280.60
2026-07-23 10:43:50,EICHERMOT,REVERSAL_DOWN,7621.00,100,Bearish reversal: broke below OR_LOW (7632.00) by 63.79%,7661.00,7632.00
2026-07-23 10:45:55,HINDUNILVR,REVERSAL_UP,2160.50,50,Bullish reversal: broke above OR_HIGH (2159.80) by 25.00%,2159.80,2154.20
2026-07-23 10:45:55,DABUR,REVERSAL_UP,426.15,100,Bullish reversal: broke above OR_HIGH (425.35) by 69.23%,425.35,424.05
2026-07-23 10:45:55,SHRIRAMFIN,REVERSAL_DOWN,1054.60,11,Bearish reversal: broke below OR_LOW (1055.20) by 5.69%,1067.50,1055.20
2026-07-23 10:45:55,INFY,REVERSAL_UP,1044.70,2,Bullish reversal: broke above OR_HIGH (1044.60) by 0.88%,1044.60,1033.20
2026-07-23 10:48:00,ADANIENSOL,REVERSAL_DOWN,1686.80,100,Bearish reversal: broke below OR_LOW (1713.50) by 231.11%,1727.00,1713.50
2026-07-23 10:56:20,ICICIGI,REVERSAL_UP,1596.20,100,Bullish reversal: broke above OR_HIGH (1587.40) by 135.53%,1587.40,1579.80
2026-07-23 10:58:24,RELIANCE,REVERSAL_UP,1284.90,100,Bullish reversal: broke above OR_HIGH (1283.40) by 93.10%,1283.40,1280.50
2026-07-23 11:10:51,ADANIPOWER,REVERSAL_UP,217.81,100,Bullish reversal: broke above OR_HIGH (217.79) by 70.24%,217.79,216.11
2026-07-23 11:21:20,BANKBARODA,REVERSAL_DOWN,244.15,40,Bearish reversal: broke below OR_LOW (244.45) by 20.00%,245.95,244.45
2026-07-23 11:23:56,HAVELLS,REVERSAL_UP,1215.30,100,Bullish reversal: broke above OR_HIGH (1206.20) by 131.17%,1206.20,1198.50
2026-07-23 11:26:02,BANKINDIA,REVERSAL_DOWN,142.85,50,Bearish reversal: broke below OR_LOW (143.00) by 25.00%,143.60,143.00
2026-07-23 11:26:02,NMDC,REVERSAL_DOWN,82.95,19,Bearish reversal: broke below OR_LOW (83.02) by 9.59%,83.75,83.02
2026-07-23 11:26:02,TRENT,REVERSAL_DOWN,2888.00,48,Bearish reversal: broke below OR_LOW (2890.20) by 24.14%,2904.70,2890.20
2026-07-23 11:28:06,GLENMARK,REVERSAL_DOWN,2184.20,82,Bearish reversal: broke below OR_LOW (2189.30) by 40.88%,2203.00,2189.30
2026-07-23 11:36:22,BSE,REVERSAL_DOWN,3595.90,22,Bearish reversal: broke below OR_LOW (3599.90) by 10.85%,3646.00,3599.90
2026-07-23 11:38:27,IEX,REVERSAL_DOWN,123.07,52,Bearish reversal: broke below OR_LOW (123.36) by 25.78%,124.64,123.36
2026-07-23 11:46:44,INDIANB,REVERSAL_DOWN,826.95,9,Bearish reversal: broke below OR_LOW (827.00) by 4.59%,832.45,827.00
2026-07-24 09:55:25,LICHSGFIN,REVERSAL_UP,532.30,17,Bullish reversal: broke above OR_HIGH (532.10) by 8.33%,532.10,529.70
2026-07-24 09:55:25,HINDUNILVR,REVERSAL_UP,2162.90,100,Bullish reversal: broke above OR_HIGH (2158.00) by 71.01%,2158.00,2151.10
2026-07-24 09:55:25,AUROPHARMA,REVERSAL_UP,1534.60,100,Bullish reversal: broke above OR_HIGH (1531.60) by 71.74%,1531.60,1527.00
2026-07-24 09:55:25,TATACONSUM,REVERSAL_UP,1113.20,100,Bullish reversal: broke above OR_HIGH (1107.50) by 127.27%,1107.50,1102.00
2026-07-24 09:55:25,NATIONALUM,REVERSAL_DOWN,340.35,100,Bearish reversal: broke below OR_LOW (341.45) by 176.47%,342.30,341.45
2026-07-24 09:55:25,INDIANB,REVERSAL_UP,821.45,18,Bullish reversal: broke above OR_HIGH (821.25) by 8.89%,821.25,819.00
2026-07-24 09:55:25,CAMS,REVERSAL_UP,756.80,100,Bullish reversal: broke above OR_HIGH (754.55) by 64.77%,754.55,750.15
2026-07-24 09:55:25,LUPIN,REVERSAL_UP,2382.60,6,Bullish reversal: broke above OR_HIGH (2382.30) by 2.88%,2382.30,2368.40
2026-07-24 10:01:38,ABCAPITAL,REVERSAL_UP,388.60,100,Bullish reversal: broke above OR_HIGH (387.65) by 67.24%,387.65,384.75
2026-07-24 10:05:57,MANAPPURAM,REVERSAL_DOWN,346.75,71,Bearish reversal: broke below OR_LOW (347.25) by 35.56%,349.50,347.25
2026-07-24 10:20:37,EXIDEIND,REVERSAL_DOWN,438.80,6,Bearish reversal: broke below OR_LOW (439.00) by 3.08%,445.50,439.00
2026-07-24 10:35:50,SUNPHARMA,REVERSAL_DOWN,1950.00,24,Bearish reversal: broke below OR_LOW (1950.10) by 12.24%,1955.00,1950.10
2026-07-24 10:56:55,MUTHOOTFIN,REVERSAL_UP,2963.10,15,Bullish reversal: broke above OR_HIGH (2961.70) by 7.49%,2961.70,2943.00
2026-07-24 10:56:55,LAURUSLABS,REVERSAL_DOWN,1561.80,66,Bearish reversal: broke below OR_LOW (1565.10) by 33.00%,1575.10,1565.10
2026-07-24 10:59:00,BAJAJFINSV,REVERSAL_UP,1883.10,100,Bullish reversal: broke above OR_HIGH (1879.30) by 120.97%,1879.30,1873.10
2026-07-24 11:20:03,TMPV,REVERSAL_UP,322.15,100,Bullish reversal: broke above OR_HIGH (321.25) by 54.55%,321.25,319.60
2026-07-24 11:20:03,SBICARD,REVERSAL_UP,618.35,30,Bullish reversal: broke above OR_HIGH (618.00) by 15.19%,618.00,614.05
2026-07-24 11:20:03,INDHOTEL,REVERSAL_UP,722.75,100,Bullish reversal: broke above OR_HIGH (720.60) by 119.57%,720.60,718.30
2026-07-24 11:20:03,AMBUJACEM,REVERSAL_UP,421.10,100,Bullish reversal: broke above OR_HIGH (419.75) by 72.97%,419.75,417.90
2026-07-24 11:22:41,BIOCON,REVERSAL_DOWN,427.70,20,Bearish reversal: broke below OR_LOW (427.90) by 10.00%,429.90,427.90
2026-07-24 11:22:41,VMM,REVERSAL_UP,108.46,49,Bullish reversal: broke above OR_HIGH (108.23) by 24.73%,108.23,107.30
2026-07-24 11:26:49,NMDC,REVERSAL_UP,82.65,69,Bullish reversal: broke above OR_HIGH (82.52) by 34.69%,82.52,82.03
2026-07-24 11:26:49,BANKBARODA,REVERSAL_UP,242.10,26,Bullish reversal: broke above OR_HIGH (242.05) by 13.04%,242.05,240.90
2026-07-24 11:28:53,NAUKRI,REVERSAL_DOWN,1152.85,29,Bearish reversal: broke below OR_LOW (1153.00) by 14.39%,1166.55,1153.00
2026-07-24 11:30:57,CROMPTON,REVERSAL_UP,246.40,29,Bullish reversal: broke above OR_HIGH (246.30) by 14.63%,246.30,244.25
2026-07-24 11:30:57,CHOLAFIN,REVERSAL_UP,1700.40,11,Bullish reversal: broke above OR_HIGH (1699.80) by 5.71%,1699.80,1678.80
2026-07-24 11:33:02,INFY,REVERSAL_DOWN,1017.70,100,Bearish reversal: broke below OR_LOW (1028.70) by 104.10%,1040.90,1028.70
2026-07-24 11:35:07,SBILIFE,REVERSAL_UP,1847.10,9,Bullish reversal: broke above OR_HIGH (1846.70) by 4.35%,1846.70,1837.50
2026-07-24 11:35:07,TRENT,REVERSAL_UP,2875.50,100,Bullish reversal: broke above OR_HIGH (2860.00) by 74.03%,2860.00,2836.90
2026-07-24 11:41:30,BANKINDIA,REVERSAL_UP,141.29,33,Bullish reversal: broke above OR_HIGH (141.20) by 16.36%,141.20,140.65
2026-07-27 09:56:00,ICICIGI,REVERSAL_UP,1672.30,100,Bullish reversal: broke above OR_HIGH (1663.60) by 77.68%,1663.60,1652.40
2026-07-27 09:56:00,M&M,REVERSAL_DOWN,3183.40,59,Bearish reversal: broke below OR_LOW (3185.50) by 29.41%,3194.00,3185.50
2026-07-27 09:56:00,NTPC,REVERSAL_DOWN,348.60,69,Bearish reversal: broke below OR_LOW (349.15) by 34.37%,350.75,349.15
2026-07-27 09:56:00,PRESTIGE,REVERSAL_UP,1632.60,76,Bullish reversal: broke above OR_HIGH (1628.40) by 37.93%,1628.40,1613.90
2026-07-27 09:56:00,MANAPPURAM,REVERSAL_UP,357.30,100,Bullish reversal: broke above OR_HIGH (356.75) by 58.97%,356.75,354.80
2026-07-27 10:00:10,TATAELXSI,REVERSAL_UP,3561.00,48,Bullish reversal: broke above OR_HIGH (3555.20) by 24.07%,3555.20,3531.10
2026-07-27 10:00:10,DABUR,REVERSAL_DOWN,427.10,88,Bearish reversal: broke below OR_LOW (427.25) by 44.00%,428.50,427.25
2026-07-27 10:06:25,NATIONALUM,REVERSAL_DOWN,343.65,32,Bearish reversal: broke below OR_LOW (343.90) by 15.79%,345.80,343.90
2026-07-27 10:06:25,PNB,REVERSAL_DOWN,111.32,36,Bearish reversal: broke below OR_LOW (111.40) by 17.86%,111.96,111.40
2026-07-27 10:08:30,LICI,REVERSAL_DOWN,425.25,100,Bearish reversal: broke below OR_LOW (425.55) by 73.68%,426.50,425.55
2026-07-27 10:21:16,INDHOTEL,REVERSAL_DOWN,731.90,34,Bearish reversal: broke below OR_LOW (732.45) by 17.19%,735.65,732.45
2026-07-27 10:25:55,CROMPTON,REVERSAL_DOWN,249.55,35,Bearish reversal: broke below OR_LOW (249.70) by 17.39%,250.85,249.70
2026-07-27 10:25:55,BHARATFORG,REVERSAL_DOWN,2164.00,8,Bearish reversal: broke below OR_LOW (2164.50) by 4.03%,2176.90,2164.50
2026-07-27 10:25:55,INDIANB,REVERSAL_DOWN,832.80,15,Bearish reversal: broke below OR_LOW (833.05) by 7.58%,836.35,833.05
2026-07-27 10:36:59,INDIGO,REVERSAL_DOWN,5104.00,100,Bearish reversal: broke below OR_LOW (5119.50) by 53.52%,5155.00,5119.50
2026-07-27 10:36:59,TATASTEEL,REVERSAL_DOWN,184.09,64,Bearish reversal: broke below OR_LOW (184.20) by 32.08%,184.73,184.20
2026-07-27 10:39:03,NYKAA,REVERSAL_UP,327.00,100,Bullish reversal: broke above OR_HIGH (325.80) by 147.06%,325.80,324.95
2026-07-27 10:41:07,PERSISTENT,REVERSAL_DOWN,5248.40,22,Bearish reversal: broke below OR_LOW (5250.70) by 10.94%,5295.50,5250.70
2026-07-27 10:41:07,TMPV,REVERSAL_DOWN,326.35,67,Bearish reversal: broke below OR_LOW (326.50) by 33.33%,327.40,326.50
2026-07-27 10:41:07,NMDC,REVERSAL_DOWN,83.97,11,Bearish reversal: broke below OR_LOW (83.99) by 5.71%,84.34,83.99
2026-07-27 10:43:12,ITC,REVERSAL_DOWN,286.40,27,Bearish reversal: broke below OR_LOW (286.55) by 13.64%,287.65,286.55
2026-07-27 11:00:01,BDL,REVERSAL_UP,1251.90,37,Bullish reversal: broke above OR_HIGH (1251.30) by 18.37%,1251.30,1246.40
2026-07-27 11:00:01,SUZLON,REVERSAL_UP,52.72,15,Bullish reversal: broke above OR_HIGH (52.69) by 7.32%,52.69,52.28
2026-07-27 11:02:05,NAUKRI,REVERSAL_UP,1196.10,100,Bullish reversal: broke above OR_HIGH (1188.90) by 60.00%,1188.90,1176.90
2026-07-27 11:10:33,IOC,REVERSAL_UP,141.02,55,Bullish reversal: broke above OR_HIGH (140.94) by 27.59%,140.94,140.07
2026-07-27 11:36:38,LICHSGFIN,REVERSAL_UP,545.25,6,Bullish reversal: broke above OR_HIGH (545.15) by 3.03%,545.15,541.85
2026-07-27 11:38:43,ADANIENSOL,REVERSAL_DOWN,1684.80,100,Bearish reversal: broke below OR_LOW (1702.50) by 205.26%,1712.00,1702.50
2026-07-27 11:40:47,SBICARD,REVERSAL_UP,644.00,83,Bullish reversal: broke above OR_HIGH (641.20) by 41.67%,641.20,633.40
2026-07-27 11:42:52,HDFCBANK,REVERSAL_DOWN,740.15,100,Bearish reversal: broke below OR_LOW (743.95) by 339.13%,745.10,743.95
2026-07-27 12:06:10,BANKBARODA,REVERSAL_DOWN,244.05,6,Bearish reversal: broke below OR_LOW (244.10) by 3.17%,247.25,244.10
2026-07-27 12:08:15,INOXWIND,REVERSAL_DOWN,77.71,24,Bearish reversal: broke below OR_LOW (77.74) by 11.76%,78.08,77.74
2026-07-28 09:56:45,ICICIGI,REVERSAL_UP,1682.40,68,Bullish reversal: broke above OR_HIGH (1681.70) by 34.25%,1681.70,1674.40
2026-07-28 09:56:45,CROMPTON,REVERSAL_DOWN,248.00,96,Bearish reversal: broke below OR_LOW (248.40) by 47.83%,249.55,248.40
2026-07-28 09:56:45,M&M,REVERSAL_DOWN,3231.60,51,Bearish reversal: broke below OR_LOW (3233.40) by 25.71%,3240.40,3233.40
2026-07-28 09:56:45,TATACONSUM,REVERSAL_UP,1114.60,100,Bullish reversal: broke above OR_HIGH (1106.40) by 206.82%,1106.40,1102.00
2026-07-28 09:56:45,INDIGO,REVERSAL_UP,5265.50,100,Bullish reversal: broke above OR_HIGH (5250.50) by 96.77%,5250.50,5235.00
2026-07-28 09:56:45,MUTHOOTFIN,REVERSAL_DOWN,2972.50,100,Bearish reversal: broke below OR_LOW (2983.50) by 108.80%,2996.00,2983.50
2026-07-28 09:56:45,LUPIN,REVERSAL_UP,2415.40,3,Bullish reversal: broke above OR_HIGH (2415.20) by 1.68%,2415.20,2403.30
2026-07-28 09:58:48,AMBUJACEM,REVERSAL_DOWN,429.90,72,Bearish reversal: broke below OR_LOW (430.40) by 36.11%,432.20,430.40
2026-07-28 09:58:48,CDSL,REVERSAL_UP,1332.00,49,Bullish reversal: broke above OR_HIGH (1331.50) by 24.49%,1331.50,1326.60
2026-07-28 09:58:48,GRASIM,REVERSAL_UP,3124.80,89,Bullish reversal: broke above OR_HIGH (3122.60) by 44.44%,3122.60,3114.50
2026-07-28 10:00:52,IOC,REVERSAL_DOWN,141.41,21,Bearish reversal: broke below OR_LOW (141.55) by 10.53%,142.88,141.55
2026-07-28 10:00:52,LICI,REVERSAL_DOWN,424.70,18,Bearish reversal: broke below OR_LOW (424.75) by 8.82%,426.45,424.75
2026-07-28 10:05:00,HINDUNILVR,REVERSAL_DOWN,2089.60,100,Bearish reversal: broke below OR_LOW (2178.90) by 579.88%,2195.80,2178.90
2026-07-28 10:11:11,CHOLAFIN,REVERSAL_DOWN,1785.10,84,Bearish reversal: broke below OR_LOW (1786.50) by 42.22%,1791.00,1786.50
2026-07-28 10:11:11,NMDC,REVERSAL_UP,83.47,100,Bullish reversal: broke above OR_HIGH (83.46) by 50.00%,83.46,83.20
2026-07-28 10:21:40,INDIANB,REVERSAL_UP,836.55,100,Bullish reversal: broke above OR_HIGH (833.00) by 55.91%,833.00,826.65
2026-07-28 10:26:27,EXIDEIND,REVERSAL_UP,430.00,12,Bullish reversal: broke above OR_HIGH (429.75) by 5.88%,429.75,422.10
2026-07-28 10:28:31,HAL,REVERSAL_DOWN,4526.00,100,Bearish reversal: broke below OR_LOW (4575.00) by 204.17%,4599.00,4575.00
2026-07-28 10:36:49,INDHOTEL,REVERSAL_UP,738.85,23,Bullish reversal: broke above OR_HIGH (738.50) by 11.67%,738.50,735.50
2026-07-28 10:40:56,BANKINDIA,REVERSAL_UP,137.55,78,Bullish reversal: broke above OR_HIGH (137.40) by 39.22%,137.40,136.89
2026-07-28 10:40:56,TATASTEEL,REVERSAL_UP,184.60,80,Bullish reversal: broke above OR_HIGH (184.51) by 40.00%,184.51,183.91
2026-07-28 10:40:56,BANDHANBNK,REVERSAL_UP,168.64,14,Bullish reversal: broke above OR_HIGH (168.63) by 7.20%,168.63,167.38
2026-07-28 10:43:00,ITC,REVERSAL_DOWN,285.70,72,Bearish reversal: broke below OR_LOW (285.80) by 35.90%,287.75,285.80
2026-07-28 10:45:04,KALYANKJIL,REVERSAL_UP,572.55,100,Bullish reversal: broke above OR_HIGH (569.55) by 208.16%,569.55,567.10
2026-07-28 10:51:15,NATIONALUM,REVERSAL_UP,338.15,70,Bullish reversal: broke above OR_HIGH (337.85) by 35.14%,337.85,336.00
2026-07-28 10:53:19,INFY,REVERSAL_UP,1110.70,100,Bullish reversal: broke above OR_HIGH (1109.30) by 58.54%,1109.30,1105.20
2026-07-28 11:05:41,BAJAJFINSV,REVERSAL_UP,1924.10,40,Bullish reversal: broke above OR_HIGH (1922.60) by 19.81%,1922.60,1912.00
2026-07-29 09:55:51,JINDALSTEL,REVERSAL_UP,1086.50,100,Bullish reversal: broke above OR_HIGH (1068.20) by 305.80%,1068.20,1061.30
2026-07-29 09:55:51,PATANJALI,REVERSAL_DOWN,343.70,52,Bearish reversal: broke below OR_LOW (344.00) by 25.86%,346.90,344.00
2026-07-29 09:55:51,IOC,REVERSAL_UP,140.53,100,Bullish reversal: broke above OR_HIGH (140.20) by 97.73%,140.20,139.76
2026-07-29 09:55:51,LICHSGFIN,REVERSAL_DOWN,548.00,100,Bearish reversal: broke below OR_LOW (548.50) by 65.71%,550.25,548.50
2026-07-29 09:55:51,NATIONALUM,REVERSAL_UP,338.20,100,Bullish reversal: broke above OR_HIGH (334.15) by 354.84%,334.15,332.60
2026-07-29 09:55:51,TMPV,REVERSAL_UP,330.05,100,Bullish reversal: broke above OR_HIGH (328.90) by 56.10%,328.90,326.85
2026-07-29 09:55:51,NTPC,REVERSAL_UP,345.05,44,Bullish reversal: broke above OR_HIGH (344.95) by 21.88%,344.95,343.35
2026-07-29 09:55:51,BANKINDIA,REVERSAL_UP,137.65,100,Bullish reversal: broke above OR_HIGH (137.27) by 56.72%,137.27,136.60
2026-07-29 09:55:51,PETRONET,REVERSAL_UP,277.65,100,Bullish reversal: broke above OR_HIGH (276.95) by 54.29%,276.95,275.20
2026-07-29 09:55:51,INDIGO,REVERSAL_UP,5255.00,100,Bullish reversal: broke above OR_HIGH (5236.50) by 75.51%,5236.50,5212.00
2026-07-29 09:55:51,INDHOTEL,REVERSAL_UP,738.80,72,Bullish reversal: broke above OR_HIGH (738.15) by 36.11%,738.15,736.35
2026-07-29 09:55:51,MANAPPURAM,REVERSAL_UP,365.65,100,Bullish reversal: broke above OR_HIGH (363.10) by 219.35%,363.10,361.55
2026-07-29 09:55:51,MOTILALOFS,REVERSAL_UP,863.60,32,Bullish reversal: broke above OR_HIGH (862.50) by 15.94%,862.50,855.60
2026-07-29 09:57:55,CDSL,REVERSAL_UP,1352.80,18,Bullish reversal: broke above OR_HIGH (1352.40) by 9.09%,1352.40,1348.00
2026-07-29 09:57:55,IREDA,REVERSAL_UP,120.85,31,Bullish reversal: broke above OR_HIGH (120.79) by 15.49%,120.79,120.08
2026-07-29 10:00:09,M&M,REVERSAL_DOWN,3284.40,94,Bearish reversal: broke below OR_LOW (3295.10) by 47.14%,3317.80,3295.10
2026-07-29 10:00:09,SUNPHARMA,REVERSAL_DOWN,1973.90,100,Bearish reversal: broke below OR_LOW (1978.60) by 65.28%,1985.80,1978.60
2026-07-29 10:06:22,PRESTIGE,REVERSAL_UP,1693.90,7,Bullish reversal: broke above OR_HIGH (1693.40) by 3.57%,1693.40,1679.40
2026-07-29 10:06:22,NYKAA,REVERSAL_DOWN,329.50,19,Bearish reversal: broke below OR_LOW (329.75) by 9.43%,332.40,329.75
2026-07-29 10:10:40,INDIANB,REVERSAL_UP,838.00,60,Bullish reversal: broke above OR_HIGH (837.90) by 30.19%,837.90,835.25
2026-07-29 10:21:04,BANDHANBNK,REVERSAL_UP,170.30,100,Bullish reversal: broke above OR_HIGH (169.64) by 73.40%,169.64,168.70
2026-07-29 10:30:02,CROMPTON,REVERSAL_UP,251.10,100,Bullish reversal: broke above OR_HIGH (249.65) by 120.69%,249.65,248.20
2026-07-29 10:32:08,KALYANKJIL,REVERSAL_DOWN,614.40,100,Bearish reversal: broke below OR_LOW (616.50) by 53.64%,622.00,616.50
2026-07-29 10:51:28,SBILIFE,REVERSAL_UP,1900.90,7,Bullish reversal: broke above OR_HIGH (1900.60) by 3.53%,1900.60,1892.10
2026-07-29 10:53:42,INFY,REVERSAL_UP,1152.10,21,Bullish reversal: broke above OR_HIGH (1150.30) by 10.58%,1150.30,1129.50
2026-07-29 11:02:02,MAXHEALTH,REVERSAL_DOWN,1112.00,33,Bearish reversal: broke below OR_LOW (1112.20) by 16.33%,1117.10,1112.20
2026-07-29 11:04:06,TRENT,REVERSAL_UP,2953.10,100,Bullish reversal: broke above OR_HIGH (2928.80) by 267.89%,2928.80,2917.90
2026-07-29 11:06:11,LODHA,REVERSAL_UP,1306.85,14,Bullish reversal: broke above OR_HIGH (1305.15) by 6.87%,1305.15,1280.40
2026-07-30 09:56:52,ETERNAL,REVERSAL_UP,308.00,44,Bullish reversal: broke above OR_HIGH (307.90) by 22.00%,307.90,305.40
2026-07-30 09:56:52,HINDUNILVR,REVERSAL_DOWN,2119.30,100,Bearish reversal: broke below OR_LOW (2123.20) by 110.91%,2128.70,2123.20
2026-07-30 09:56:52,AUROPHARMA,REVERSAL_UP,1606.40,28,Bullish reversal: broke above OR_HIGH (1605.00) by 14.04%,1605.00,1593.60
2026-07-30 09:56:52,TMPV,REVERSAL_UP,330.90,100,Bullish reversal: broke above OR_HIGH (330.60) by 51.61%,330.60,329.05
2026-07-30 09:56:52,BANKINDIA,REVERSAL_DOWN,136.82,100,Bearish reversal: broke below OR_LOW (137.05) by 51.11%,137.50,137.05
2026-07-30 09:56:52,PNB,REVERSAL_UP,111.38,100,Bullish reversal: broke above OR_HIGH (111.02) by 146.43%,111.02,110.74
2026-07-30 09:56:52,INDHOTEL,REVERSAL_UP,739.05,69,Bullish reversal: broke above OR_HIGH (738.80) by 34.62%,738.80,736.20
2026-07-30 09:56:52,LAURUSLABS,REVERSAL_UP,1793.80,17,Bullish reversal: broke above OR_HIGH (1793.00) by 8.49%,1793.00,1782.40
2026-07-30 09:58:59,CDSL,REVERSAL_DOWN,1336.40,32,Bearish reversal: broke below OR_LOW (1337.30) by 16.07%,1342.90,1337.30
2026-07-30 09:58:59,LICI,REVERSAL_UP,426.55,26,Bullish reversal: broke above OR_HIGH (426.30) by 12.82%,426.30,424.35
2026-07-30 10:01:07,IOC,REVERSAL_UP,140.56,82,Bullish reversal: broke above OR_HIGH (140.45) by 40.98%,140.45,139.84
2026-07-30 10:01:07,NMDC,REVERSAL_DOWN,85.67,76,Bearish reversal: broke below OR_LOW (85.74) by 37.93%,86.03,85.74
2026-07-30 10:03:42,MAXHEALTH,REVERSAL_UP,1118.70,100,Bullish reversal: broke above OR_HIGH (1117.10) by 69.23%,1117.10,1113.20
2026-07-30 10:05:58,TATAELXSI,REVERSAL_UP,3695.40,72,Bullish reversal: broke above OR_HIGH (3690.00) by 36.00%,3690.00,3675.00
2026-07-30 10:05:58,BAJAJFINSV,REVERSAL_DOWN,1912.60,100,Bearish reversal: broke below OR_LOW (1925.30) by 235.19%,1930.70,1925.30
2026-07-30 10:08:04,SUZLON,REVERSAL_DOWN,46.32,30,Bearish reversal: broke below OR_LOW (46.36) by 14.81%,46.63,46.36
2026-07-30 10:16:36,TATASTEEL,REVERSAL_DOWN,187.35,39,Bearish reversal: broke below OR_LOW (187.45) by 19.40%,188.12,187.45
2026-07-30 10:20:53,BANDHANBNK,REVERSAL_DOWN,172.18,52,Bearish reversal: broke below OR_LOW (172.40) by 25.88%,173.25,172.40
2026-07-30 10:23:29,VMM,REVERSAL_UP,108.55,82,Bullish reversal: broke above OR_HIGH (108.32) by 41.18%,108.32,107.64
2026-07-30 10:25:36,ITC,REVERSAL_DOWN,286.40,62,Bearish reversal: broke below OR_LOW (286.65) by 31.03%,288.10,286.65
2026-07-30 10:40:29,BEL,REVERSAL_UP,385.55,62,Bullish reversal: broke above OR_HIGH (385.35) by 30.77%,385.35,384.05
2026-07-30 10:42:36,NAUKRI,REVERSAL_DOWN,1252.80,17,Bearish reversal: broke below OR_LOW (1253.75) by 8.44%,1265.00,1253.75
2026-07-30 10:55:49,MANAPPURAM,REVERSAL_DOWN,369.15,100,Bearish reversal: broke below OR_LOW (370.00) by 54.84%,371.55,370.00
2026-07-30 11:26:39,BSE,REVERSAL_UP,3535.00,24,Bullish reversal: broke above OR_HIGH (3533.00) by 11.76%,3533.00,3516.00
2026-07-30 11:28:44,INFY,REVERSAL_DOWN,1172.50,69,Bearish reversal: broke below OR_LOW (1174.80) by 34.31%,1185.00,1174.80
2026-07-30 11:30:49,INDIANB,REVERSAL_UP,829.05,39,Bullish reversal: broke above OR_HIGH (828.40) by 19.39%,828.40,823.50
2026-07-30 11:30:49,DABUR,REVERSAL_UP,421.10,27,Bullish reversal: broke above OR_HIGH (420.60) by 13.75%,420.60,416.60
2026-07-30 11:32:54,HDFCBANK,REVERSAL_DOWN,748.05,100,Bearish reversal: broke below OR_LOW (748.35) by 122.73%,749.45,748.35
2026-07-30 11:41:12,SUNPHARMA,REVERSAL_UP,2011.20,100,Bullish reversal: broke above OR_HIGH (2008.90) by 53.33%,2008.90,2004.40
2026-07-31 09:56:24,JINDALSTEL,REVERSAL_UP,1108.40,41,Bullish reversal: broke above OR_HIGH (1107.70) by 20.55%,1107.70,1100.40
2026-07-31 09:56:24,PNB,REVERSAL_DOWN,112.11,45,Bearish reversal: broke below OR_LOW (112.16) by 22.73%,112.38,112.16
2026-07-31 09:56:24,PETRONET,REVERSAL_UP,278.50,27,Bullish reversal: broke above OR_HIGH (278.35) by 13.64%,278.35,277.25
2026-07-31 09:56:24,BHARATFORG,REVERSAL_UP,2201.50,100,Bullish reversal: broke above OR_HIGH (2199.00) by 52.98%,2199.00,2182.20
2026-07-31 09:56:24,MANAPPURAM,REVERSAL_UP,374.55,100,Bullish reversal: broke above OR_HIGH (372.00) by 124.39%,372.00,369.95
2026-07-31 10:10:50,INDIGO,REVERSAL_UP,5276.50,100,Bullish reversal: broke above OR_HIGH (5271.00) by 55.00%,5271.00,5261.00
2026-07-31 10:17:01,ETERNAL,REVERSAL_DOWN,308.00,35,Bearish reversal: broke below OR_LOW (308.50) by 17.53%,313.35,308.50
2026-07-31 10:17:01,INDHOTEL,REVERSAL_DOWN,748.30,4,Bearish reversal: broke below OR_LOW (748.40) by 2.22%,757.40,748.40
2026-07-31 10:17:01,LUPIN,REVERSAL_DOWN,2409.50,8,Bearish reversal: broke below OR_LOW (2410.00) by 3.97%,2422.60,2410.00
2026-07-31 10:21:14,GRASIM,REVERSAL_UP,3134.00,26,Bullish reversal: broke above OR_HIGH (3133.70) by 12.99%,3133.70,3126.00
2026-07-31 10:23:54,IREDA,REVERSAL_DOWN,119.76,90,Bearish reversal: broke below OR_LOW (119.83) by 45.16%,120.14,119.83
2026-07-31 10:30:05,SUNPHARMA,REVERSAL_DOWN,2009.10,13,Bearish reversal: broke below OR_LOW (2009.60) by 6.33%,2017.50,2009.60
2026-07-31 10:36:17,PATANJALI,REVERSAL_UP,357.55,67,Bullish reversal: broke above OR_HIGH (356.65) by 33.33%,356.65,353.80
2026-07-31 10:38:21,BAJAJFINSV,REVERSAL_UP,1987.00,100,Bullish reversal: broke above OR_HIGH (1971.50) by 169.57%,1971.50,1960.00
2026-07-31 10:40:25,SUZLON,REVERSAL_UP,47.85,100,Bullish reversal: broke above OR_HIGH (47.52) by 117.86%,47.52,47.24
2026-07-31 10:42:28,NYKAA,REVERSAL_DOWN,333.80,100,Bearish reversal: broke below OR_LOW (335.40) by 64.00%,337.90,335.40
2026-07-31 10:56:56,IOC,REVERSAL_UP,140.08,45,Bullish reversal: broke above OR_HIGH (140.01) by 22.58%,140.01,139.39
2026-07-31 10:56:56,NMDC,REVERSAL_UP,85.29,27,Bullish reversal: broke above OR_HIGH (85.25) by 13.33%,85.25,84.95
2026-07-31 10:58:59,BIOCON,REVERSAL_UP,426.65,100,Bullish reversal: broke above OR_HIGH (426.60) by 80.00%,426.60,424.85
2026-07-31 10:58:59,VMM,REVERSAL_DOWN,107.26,100,Bearish reversal: broke below OR_LOW (107.65) by 103.64%,108.20,107.65
2026-07-31 11:05:11,LICHSGFIN,REVERSAL_UP,531.05,100,Bullish reversal: broke above OR_HIGH (529.00) by 53.21%,529.00,523.55
2026-07-31 11:15:29,SBILIFE,REVERSAL_DOWN,1881.00,36,Bearish reversal: broke below OR_LOW (1881.40) by 18.24%,1898.40,1881.40
2026-07-31 11:17:33,KALYANKJIL,REVERSAL_DOWN,624.35,100,Bearish reversal: broke below OR_LOW (631.80) by 137.60%,638.05,631.80
2026-07-31 11:21:45,NATIONALUM,REVERSAL_UP,355.25,71,Bullish reversal: broke above OR_HIGH (354.80) by 35.71%,354.80,352.70
2026-07-31 11:26:28,TMPV,REVERSAL_UP,337.45,24,Bullish reversal: broke above OR_HIGH (337.40) by 12.20%,337.40,335.35
2026-07-31 11:26:28,EICHERMOT,REVERSAL_UP,7868.50,25,Bullish reversal: broke above OR_HIGH (7862.50) by 12.71%,7862.50,7803.50
2026-07-31 11:30:36,TATACONSUM,REVERSAL_DOWN,1083.50,100,Bearish reversal: broke below OR_LOW (1086.90) by 75.00%,1091.70,1086.90
2026-07-31 11:30:36,INDIANB,REVERSAL_DOWN,830.20,33,Bearish reversal: broke below OR_LOW (830.45) by 16.67%,832.85,830.45
2026-07-31 11:30:36,BEL,REVERSAL_DOWN,386.80,31,Bearish reversal: broke below OR_LOW (387.20) by 15.25%,390.15,387.20
2026-07-31 11:32:41,INOXWIND,REVERSAL_UP,76.79,100,Bullish reversal: broke above OR_HIGH (75.73) by 446.15%,75.73,75.47
2026-07-31 11:45:05,BANDHANBNK,REVERSAL_DOWN,173.81,8,Bearish reversal: broke below OR_LOW (173.85) by 3.92%,174.87,173.85
2026-07-31 11:55:24,CROMPTON,REVERSAL_DOWN,261.05,19,Bearish reversal: broke below OR_LOW (261.15) by 9.52%,262.20,261.15
2026-07-31 11:57:29,PGEL,REVERSAL_UP,624.70,37,Bullish reversal: broke above OR_HIGH (623.55) by 18.57%,623.55,616.55
